codigo_wmo,nome_estacao,uf,regiao,latitude,longitude,altitude_m,dt_fundacao
A001,BRASILIA,DF,CO,-15.789444,-47.925833,1160.96,07/05/00
A042,BRAZLANDIA,DF,CO,-15.599722,-48.131111,1143.00,19/07/17
A045,AGUAS EMENDADAS,DF,CO,-15.596389,-47.625833,1030.36,03/10/08
A046,GAMA (PONTE ALTA),DF,CO,-15.935278,-48.137500,990.00,01/10/14
A047,PARANOA (COOPA-DF),DF,CO,-16.012222,-47.557500,1043.00,07/02/17
A002,GOIANIA,GO,CO,-16.642778,-49.220278,727.30,29/05/01
A003,MORRINHOS,GO,CO,-17.745000,-49.101667,751.09,25/05/01
A005,PORANGATU,GO,CO,-13.309444,-49.117500,365.00,04/06/01
A011,SAO SIMAO,GO,CO,-18.969167,-50.633333,492.45,15/07/06
A012,LUZIANIA,GO,CO,-16.260556,-47.966944,1000.82,21/10/06
A013,ARAGARCAS,GO,CO,-15.902778,-52.245278,327.35,13/07/07
A014,GOIAS,GO,CO,-15.939722,-50.141389,512.86,18/07/07
A015,ITAPACI,GO,CO,-14.979722,-49.539444,551.00,03/02/07
A016,JATAI,GO,CO,-17.923611,-51.717500,670.08,23/05/07
A017,POSSE,GO,CO,-14.089167,-46.366389,830.00,18/04/07
A022,GOIANESIA,GO,CO,-15.220278,-48.990000,667.01,02/06/07
A023,CAIAPONIA,GO,CO,-16.966944,-51.817500,740.10,21/05/07
A024,ALTO PARAISO DE GOIAS,GO,CO,-14.133056,-47.523333,1264.70,04/06/07
A025,RIO VERDE,GO,CO,-17.785278,-50.965000,780.11,17/05/07
A026,MINEIROS,GO,CO,-17.454722,-52.601111,862.00,24/11/07
A027,PARAUNA,GO,CO,-16.962500,-50.425556,678.74,29/03/08
A028,IPORA,GO,CO,-16.423056,-51.148889,610.41,24/06/13
A029,EDEIA,GO,CO,-17.336944,-49.914722,608.00,26/08/17
A031,SAO MIGUEL DO ARAGUAIA,GO,CO,-12.820556,-50.335833,210.00,29/06/17
A032,MONTE ALEGRE DE GOIAS,GO,CO,-13.253611,-46.890278,552.00,07/06/07
A033,PIRES DO RIO,GO,CO,-17.304167,-48.284167,757.27,12/10/07
A034,CATALAO,GO,CO,-18.154722,-47.927500,900.72,31/01/08
A035,ITUMBIARA,GO,CO,-18.409722,-49.191944,491.17,01/11/07
A036,CRISTALINA,GO,CO,-16.785000,-47.613056,1211.08,14/12/07
A037,SILVANIA,GO,CO,-16.679722,-48.618056,952.00,08/10/10
A056,CRISTALINA (FAZENDA SANTA MONICA),GO,CO,-16.399444,-47.625833,932.00,25/01/18
A702,CAMPO GRANDE,MS,CO,-20.447222,-54.722500,528.47,10/09/01
A703,PONTA PORA,MS,CO,-22.552500,-55.716389,668.00,07/09/01
A704,TRES LAGOAS,MS,CO,-20.795000,-51.713333,328.94,03/09/01
A709,IVINHEMA,MS,CO,-22.300556,-53.822778,377.36,08/02/03
A710,PARANAIBA,MS,CO,-19.695556,-51.181667,408.06,10/11/06
A717,NHUMIRIM,MS,CO,-18.988611,-56.622778,102.26,02/08/06
A719,AQUIDAUANA,MS,CO,-20.475556,-55.783889,151.35,01/11/06
A720,COXIM,MS,CO,-18.512222,-54.736111,251.48,06/11/06
A721,DOURADOS,MS,CO,-22.193889,-54.911389,463.30,18/10/06
A722,MIRANDA,MS,CO,-20.395556,-56.431667,132.49,02/11/06
A723,PORTO MURTINHO,MS,CO,-21.705833,-57.886667,78.56,24/10/06
A724,CORUMBA,MS,CO,-18.996667,-57.637500,111.73,26/10/06
A730,CHAPADAO DO SUL,MS,CO,-18.802222,-52.602500,820.82,20/12/06
A731,MARACAJU,MS,CO,-21.609167,-55.177500,388.94,15/12/06
A732,SAO GABRIEL DO OESTE,MS,CO,-19.420278,-54.553056,646.00,18/12/06
A742,CASSILANDIA,MS,CO,-19.122500,-51.720833,494.72,08/03/08
A743,RIO BRILHANTE,MS,CO,-21.775000,-54.528056,324.31,26/06/08
A749,JUTI,MS,CO,-22.857222,-54.605556,375.18,16/06/08
A750,AMAMBAI,MS,CO,-23.002500,-55.329444,433.59,11/06/08
A751,SETE QUEDAS,MS,CO,-23.966944,-55.024167,398.40,03/06/08
A752,ITAQUIRAI,MS,CO,-23.449444,-54.181944,337.82,28/05/08
A754,SIDROLANDIA,MS,CO,-20.981667,-54.971944,471.43,29/09/08
A756,AGUA CLARA,MS,CO,-20.444444,-52.875833,323.63,14/08/10
A758,JARDIM,MS,CO,-21.478611,-56.137778,252.47,04/08/11
A759,BATAGUASSU,MS,CO,-21.750000,-52.471389,392.13,21/03/13
A760,COSTA RICA,MS,CO,-18.492778,-53.171389,727.34,04/12/12
A761,SONORA,MS,CO,-17.635278,-54.760556,495.25,30/11/12
A901,CUIABA,MT,CO,-15.606944,-56.060833,184.00,08/12/02
A902,TANGARA DA SERRA,MT,CO,-14.650000,-57.431667,440.01,11/12/02
A903,S.J. DO RIO CLARO,MT,CO,-13.453889,-56.677222,339.59,25/02/03
A904,SORRISO,MT,CO,-12.555000,-55.722778,379.31,16/12/02
A905,CAMPO NOVO DOS PARECIS,MT,CO,-13.785833,-57.838611,525.41,13/12/02
A906,GUARANTA DO NORTE,MT,CO,-9.952500,-54.897778,283.58,20/12/02
A907,RONDONOPOLIS,MT,CO,-16.462500,-54.580278,289.88,17/11/03
A908,AGUA BOA,MT,CO,-14.016389,-52.211667,440.00,16/12/06
A909,ALTO ARAGUAIA,MT,CO,-17.339444,-53.224444,753.28,22/09/11
A910,APIACAS,MT,CO,-9.563333,-57.393611,217.75,24/10/06
A911,SAPEZAL,MT,CO,-13.303889,-58.763333,105.00,20/10/17
A912,CAMPO VERDE,MT,CO,-15.558889,-55.179444,747.00,21/11/06
A913,COMODORO,MT,CO,-13.708056,-59.762500,576.87,28/11/06
A914,JUARA,MT,CO,-11.280278,-57.526667,263.43,02/11/06
A915,PARANATINGA,MT,CO,-14.421389,-54.036111,476.91,19/12/06
A916,QUERENCIA,MT,CO,-12.603056,-52.162500,355.00,18/07/07
A917,SINOP,MT,CO,-11.982222,-55.566111,366.57,29/10/06
A919,COTRIGUACU,MT,CO,-9.906389,-58.572222,265.00,28/05/07
A920,JUINA,MT,CO,-11.375000,-58.774722,365.39,24/11/06
A922,VILA BELA DA SANTISSIMA TRINDADE,MT,CO,-15.062778,-59.873056,213.00,01/12/06
A923,PRIMAVERA DO LESTE,MT,CO,-15.580000,-54.381111,680.00,26/10/17
A924,ALTA FLORESTA,MT,CO,-10.077222,-56.179167,291.85,23/05/07
A926,CARLINDA,MT,CO,-9.970556,-55.827500,293.71,09/04/08
A927,BRASNORTE (NOVO MUNDO),MT,CO,-12.521944,-58.231389,426.20,29/02/08
A928,NOVA MARINGA,MT,CO,-13.038611,-57.092222,334.36,16/04/08
A929,NOVA UBIRATA,MT,CO,-13.411111,-54.752222,466.48,13/04/08
A930,GAUCHA DO NORTE,MT,CO,-13.184722,-53.257500,375.87,04/06/08
A931,SANTO ANTONIO DO LESTE,MT,CO,-14.925000,-53.884444,662.00,30/05/08
A932,GUIRATINGA,MT,CO,-16.341667,-53.766111,525.43,24/01/08
A933,ITIQUIRA,MT,CO,-17.175000,-54.501667,593.12,14/08/08
A934,ALTO TAQUARI,MT,CO,-17.841111,-53.289444,862.42,29/01/08
A935,PORTO ESTRELA,MT,CO,-15.324722,-57.225833,147.75,30/05/08
A936,SALTO DO CEU,MT,CO,-15.124722,-58.127222,300.83,24/01/08
A937,PONTES E LACERDA,MT,CO,-15.234444,-59.346111,272.53,30/01/08
A942,SAO JOSE DO XINGU,MT,CO,-10.484167,-52.372500,300.00,19/02/19
A943,SERRA NOVA DOURADA,MT,CO,-11.987778,-51.426111,441.00,29/03/19
A944,ROSARIO OESTE,MT,CO,-14.828889,-56.441944,195.00,30/05/19
A945,BARRA DO GARCAS,MT,CO,-15.884722,-52.227222,304.00,26/11/25
A947,NOVO SANTO ANTONIO,MT,CO,-12.288056,-50.971389,205.00,28/11/25
A949,DIAMANTINO,MT,CO,-14.377778,-56.379722,317.00,27/11/25
A950,ITANHANGA,MT,CO,-12.234167,-56.602222,350.00,01/12/25
A954,COCALINHO,MT,CO,-14.385556,-51.009722,252.00,03/12/25
A955,LUCAS DO RIO VERDE,MT,CO,-13.075000,-55.911389,393.00,03/12/25
A303,MACEIO,AL,NE,-9.551111,-35.770278,84.12,25/02/03
A323,PAO DE ACUCAR,AL,NE,-9.749167,-37.430833,20.83,14/07/07
A327,PALMEIRA DOS INDIOS,AL,NE,-9.420278,-36.620278,278.01,11/07/07
A353,ARAPIRACA,AL,NE,-9.804444,-36.619167,236.84,27/04/08
A355,CORURIPE,AL,NE,-10.128611,-36.286389,82.39,06/09/08
A356,SAO LUIS DO QUITUNDE,AL,NE,-9.287500,-35.565833,13.69,08/09/08
A371,PIRANHAS,AL,NE,-9.622222,-37.767222,187.00,20/09/17
A401,SALVADOR,BA,NE,-13.005556,-38.505833,47.56,13/05/00
A402,BARREIRAS,BA,NE,-12.124722,-45.026944,474.17,20/12/01
A404,LUIS EDUARDO MAGALHAES,BA,NE,-12.152500,-45.829722,760.68,18/04/02
A405,CARAVELAS,BA,NE,-17.739444,-39.258611,6.05,20/12/02
A406,CRUZ DAS ALMAS,BA,NE,-12.675556,-39.089444,219.76,19/01/03
A407,ITIRUCU,BA,NE,-13.527778,-40.119722,757.42,09/02/03
A408,ITABERABA,BA,NE,-12.524167,-40.299722,250.11,29/01/03
A410,ILHEUS,BA,NE,-14.658889,-39.181389,80.21,25/01/03
A412,MACAJUBA,BA,NE,-12.131667,-40.354167,360.00,03/02/03
A413,FEIRA DE SANTANA,BA,NE,-12.196111,-38.967500,229.64,26/05/07
A414,VITORIA DA CONQUISTA,BA,NE,-14.886389,-40.801389,879.38,01/06/07
A415,SANTA RITA DE CASSIA,BA,NE,-11.003333,-44.536389,450.00,28/05/07
A416,CORRENTINA,BA,NE,-13.332500,-44.617500,551.71,09/11/07
A418,BOM JESUS DA LAPA,BA,NE,-13.251111,-43.405278,447.75,18/05/07
A422,ABROLHOS,BA,NE,-17.963056,-38.703333,20.93,21/07/08
A423,REMANSO,BA,NE,-9.625556,-42.077222,397.40,26/03/08
A424,IRECE,BA,NE,-11.328889,-41.864444,768.42,31/03/08
A425,LENCOIS,BA,NE,-12.557778,-41.388889,438.09,05/04/08
A426,GUANAMBI,BA,NE,-14.208056,-42.749722,552.23,24/04/08
A427,PORTO SEGURO,BA,NE,-16.388889,-39.182500,86.36,10/07/08
A428,SENHOR DO BONFIM,BA,NE,-10.443056,-40.148333,532.09,27/03/08
A429,BARRA,BA,NE,-11.084722,-43.138889,407.50,12/05/08
A430,PIATA,BA,NE,-13.155556,-41.774167,1283.95,03/05/08
A431,CONDE,BA,NE,-12.035833,-37.683889,31.90,07/04/08
A432,BURITIRAMA,BA,NE,-10.723056,-43.651111,506.06,15/05/08
A433,BRUMADO,BA,NE,-14.181944,-41.672222,473.37,28/04/08
A434,AMARGOSA,BA,NE,-13.009444,-39.616944,397.80,11/07/08
A436,QUEIMADAS,BA,NE,-10.984722,-39.616944,310.11,23/05/08
A437,UNA,BA,NE,-15.280278,-39.091389,74.08,25/06/08
A438,MARAU,BA,NE,-13.906944,-38.972222,6.24,22/06/08
A439,IBOTIRAMA,BA,NE,-12.193056,-43.213333,425.12,28/04/08
A440,JACOBINA,BA,NE,-11.205000,-40.465000,440.78,01/05/08
A441,SERRINHA,BA,NE,-11.664722,-39.023056,337.79,09/05/08
A442,EUCLIDES DA CUNHA,BA,NE,-10.537222,-38.996667,431.96,31/03/08
A443,DELFINO,BA,NE,-10.455000,-41.206944,646.24,15/07/08
A444,VALENCA,BA,NE,-13.343611,-39.126667,93.12,29/06/09
A445,IPIAU,BA,NE,-14.171389,-39.692500,132.11,30/06/09
A446,ITAPETINGA,BA,NE,-15.244722,-40.229444,271.48,25/06/09
A447,BELMONTE,BA,NE,-16.088056,-39.215278,89.67,02/07/09
A448,CURACA,BA,NE,-9.001389,-39.912500,370.00,20/08/15
A450,JEREMOABO,BA,NE,-10.080833,-38.345833,261.00,13/08/15
A452,FORMOSA DO RIO PRETO,BA,NE,-11.052222,-45.200833,488.00,02/06/16
A455,ITAMARAJU,BA,NE,-17.006944,-39.558056,110.00,28/05/16
A456,SALVADOR (RADIO FAROL),BA,NE,-12.808333,-38.495833,31.00,10/03/18
A458,RIBEIRA DO AMPARO,BA,NE,-11.058611,-38.444167,182.00,20/09/18
A305,FORTALEZA,CE,NE,-3.815833,-38.537778,29.55,18/02/03
A306,SOBRAL,CE,NE,-3.748056,-40.345833,92.07,12/02/03
A314,GUARAMIRANGA,CE,NE,-4.229167,-38.958889,865.53,26/05/07
A315,BARBALHA,CE,NE,-7.300833,-39.271111,409.41,31/05/07
A319,IGUATU,CE,NE,-6.396389,-39.268889,221.56,30/05/07
A324,TAUA,CE,NE,-6.017500,-40.281389,410.87,12/07/07
A325,QUIXERAMOBIM,CE,NE,-5.174444,-39.289444,221.04,09/07/07
A332,MORADA NOVA,CE,NE,-5.091111,-38.364722,93.00,24/08/07
A339,JAGUARUANA,CE,NE,-4.837778,-37.699722,12.00,10/11/07
A342,CRATEUS,CE,NE,-5.186667,-40.672222,298.19,11/12/08
A347,CAMPOS SALES,CE,NE,-7.077778,-40.362778,577.95,07/03/08
A358,JAGUARIBE,CE,NE,-5.905556,-38.627778,149.31,10/09/08
A359,ITAPIPOCA,CE,NE,-3.484167,-39.588611,104.49,05/09/08
A360,ACARAU,CE,NE,-3.121111,-40.087222,67.15,22/04/09
A368,TIANGUA,CE,NE,-3.732222,-41.011944,756.00,15/03/18
A369,QUIXADA,CE,NE,-4.978889,-39.057222,193.00,20/03/18
A203,SAO LUIS,MA,NE,-2.526667,-44.213611,54.80,29/01/03
A204,BALSAS,MA,NE,-7.455556,-46.027500,271.03,26/10/07
A205,CAROLINA,MA,NE,-7.337222,-47.459722,182.88,04/12/07
A206,CHAPADINHA,MA,NE,-3.742778,-43.352222,104.00,17/09/08
A207,GRAJAU,MA,NE,-5.816111,-46.162222,232.29,10/09/08
A217,FAROL de SANTANA,MA,NE,-2.270833,-43.624167,9.87,28/11/08
A218,PREGUICAS,MA,NE,-2.592222,-42.707500,4.62,22/11/08
A219,TURIACU,MA,NE,-1.661111,-45.372500,35.86,10/06/08
A220,BACABAL,MA,NE,-4.243056,-44.795000,22.33,09/07/08
A221,BARRA DO CORDA,MA,NE,-5.506667,-45.236944,154.19,06/03/08
A222,COLINAS,MA,NE,-6.033056,-44.233333,175.37,03/06/08
A223,ALTO PARNAIBA,MA,NE,-9.108333,-45.931944,283.69,03/06/08
A224,ESTREITO,MA,NE,-6.653333,-47.418333,182.96,27/02/08
A225,IMPERATRIZ,MA,NE,-5.555833,-47.459722,117.96,01/03/08
A237,CAXIAS,MA,NE,-4.821389,-43.343611,84.85,13/07/08
A238,BURITICUPU,MA,NE,-4.320556,-46.449444,174.91,11/09/08
A255,ZE DOCA,MA,NE,-3.269167,-45.651111,45.50,18/09/19
A310,AREIA,PB,NE,-6.975556,-35.718056,573.45,16/11/04
A313,CAMPINA GRANDE,PB,NE,-7.225556,-35.904722,546.17,22/12/06
A320,JOAO PESSOA,PB,NE,-7.165278,-34.815556,33.50,21/07/07
A321,PATOS,PB,NE,-7.079722,-37.272778,263.66,21/07/07
A333,SAO GONCALO,PB,NE,-6.835833,-38.311667,237.04,06/11/07
A334,MONTEIRO,PB,NE,-7.894444,-37.124722,606.39,22/08/07
A348,CABACEIRAS,PB,NE,-7.483333,-36.286389,391.96,28/02/08
A352,CAMARATUBA,PB,NE,-6.561944,-35.135278,135.51,04/05/08
A373,ITAPORANGA,PB,NE,-7.318333,-38.140833,292.00,03/11/17
A307,PETROLINA,PE,NE,-9.388333,-40.523333,372.72,21/02/03
A309,ARCO VERDE,PE,NE,-8.433611,-37.055556,683.95,20/11/04
A322,GARANHUNS,PE,NE,-8.910833,-36.493333,827.78,08/07/07
A328,SURUBIM,PE,NE,-7.842500,-35.790278,421.44,09/03/08
A329,CABROBO,PE,NE,-8.503889,-39.315278,342.74,04/09/07
A341,CARUARU,PE,NE,-8.356111,-36.028333,837.00,21/11/07
A349,IBIMIRIM,PE,NE,-8.509444,-37.711667,434.23,14/10/08
A350,SERRA TALHADA,PE,NE,-7.954167,-38.295000,499.02,09/07/08
A351,FLORESTA,PE,NE,-8.598889,-38.584167,327.42,15/09/08
A357,PALMARES,PE,NE,-8.666667,-35.568056,164.01,04/09/08
A366,OURICURI,PE,NE,-7.885833,-40.102778,457.85,11/08/10
A370,SALGUEIRO,PE,NE,-8.058056,-39.096111,447.00,15/09/17
A308,PARNAIBA,PI,NE,-3.086667,-41.783056,52.11,06/02/03
A311,FLORIANO,PI,NE,-6.761389,-43.003333,126.39,18/11/04
A312,TERESINA,PI,NE,-5.034722,-42.801389,75.23,24/11/04
A326,BOM JESUS DO PIAUI,PI,NE,-9.080000,-44.327778,288.00,17/07/07
A330,PAULISTANA,PI,NE,-8.132222,-41.143056,376.00,31/08/07
A331,SAO JOAO DO PIAUI,PI,NE,-8.364444,-42.252500,231.00,26/08/07
A335,PIRIPIRI,PI,NE,-4.276111,-41.794444,157.89,31/08/07
A336,ALVORADA DO GURGUEIA,PI,NE,-8.376389,-43.859444,225.00,17/11/07
A337,CARACOL,PI,NE,-9.285833,-43.324444,515.30,10/11/07
A343,PICOS,PI,NE,-7.071111,-41.404167,232.91,12/12/08
A345,SAO RAIMUNDO NONATO,PI,NE,-9.033056,-42.701111,385.00,27/02/08
A346,URUCUI,PI,NE,-7.441389,-44.345000,398.83,06/03/08
A354,OEIRAS,PI,NE,-6.974167,-42.146944,154.03,22/07/08
A361,CASTELO DO PIAUI,PI,NE,-5.349167,-41.512222,268.75,20/04/09
A363,VALENCA DO PIAUI,PI,NE,-6.423611,-41.748889,372.00,18/04/09
A364,GILBUES,PI,NE,-9.875278,-45.345833,425.10,16/05/09
A365,CANTO DO BURITI,PI,NE,-8.118056,-42.975833,312.07,12/06/10
A374,CORRENTE,PI,NE,-10.429167,-45.173056,452.00,28/03/18
A375,BAIXA GRANDE DO RIBEIRO,PI,NE,-8.333531,-45.094625,519.00,23/03/18
A376,CAMPO MAIOR,PI,NE,-4.864167,-42.145556,125.00,23/11/18
A377,ANGICAL DO PIAUI,PI,NE,-6.089444,-42.727500,183.00,14/11/19
A304,NATAL,RN,NE,-5.837222,-35.208056,47.46,24/02/03
A316,CAICO,RN,NE,-6.467500,-37.085000,171.26,07/01/07
A317,MACAU,RN,NE,-5.151111,-36.573056,17.37,06/01/07
A318,MOSSORO,RN,NE,-4.904167,-37.366944,29.44,22/05/07
A340,APODI,RN,NE,-5.626667,-37.815000,131.41,14/11/07
A344,CALCANHAR,RN,NE,-5.160000,-35.487500,9.82,08/05/08
A367,SANTA CRUZ,RN,NE,-6.228056,-36.026667,227.49,17/08/10
A372,IPANGUACU,RN,NE,-5.535000,-36.872222,19.00,08/11/17
A409,ARACAJU,SE,NE,-10.952500,-37.054444,3.72,12/02/03
A417,ITABAIANINHA,SE,NE,-11.272500,-37.795000,204.80,23/05/07
A419,POCO VERDE,SE,NE,-10.738056,-38.108333,367.01,03/04/08
A421,BREJO GRANDE,SE,NE,-10.473889,-36.481944,6.11,17/07/08
A451,ITABAIANA,SE,NE,-10.671667,-37.471389,213.00,24/04/17
A453,NOSSA SENHORA DA GLORIA,SE,NE,-10.207778,-37.431944,271.00,24/03/17
A102,PARQUE ESTADUAL CHANDLESS,AC,N,-9.358333,-69.926389,184.51,05/08/08
A104,RIO BRANCO,AC,N,-9.959204,-67.868983,163.00,11/07/08
A108,CRUZEIRO DO SUL,AC,N,-7.610556,-72.681111,220.00,14/05/15
A136,PORTO WALTER,AC,N,-8.267222,-72.747778,205.35,29/10/09
A137,MARECHAL THAUMATURGO,AC,N,-8.950000,-72.786667,220.98,27/10/09
A138,FEIJO,AC,N,-8.142778,-70.343611,157.17,24/09/09
A140,EPITACIOLANDIA,AC,N,-11.023889,-68.735278,224.50,25/09/09
A101,MANAUS,AM,N,-3.103333,-60.016389,61.25,09/05/00
A109,EIRUNEPE,AM,N,-6.650278,-69.868611,121.54,31/08/12
A110,BOCA DO ACRE,AM,N,-8.776667,-67.332500,111.98,15/07/08
A111,LABREA,AM,N,-7.260556,-64.788611,61.91,27/07/08
A112,HUMAITA,AM,N,-7.552500,-63.071389,53.56,25/04/08
A113,APUI,AM,N,-7.205556,-59.888611,156.97,19/07/08
A117,COARI,AM,N,-4.097500,-63.145278,33.84,12/04/08
A119,MANACAPURU,AM,N,-3.294722,-60.628333,36.57,10/04/08
A120,AUTAZES,AM,N,-3.583333,-59.129444,19.90,17/04/08
A121,ITACOATIARA,AM,N,-3.133333,-58.482778,41.54,17/04/08
A122,MAUES,AM,N,-3.398889,-57.673889,25.49,22/04/08
A123,PARINTINS,AM,N,-2.639167,-56.756111,18.72,11/04/08
A124,URUCARA,AM,N,-2.534722,-57.758056,18.49,17/04/08
A125,RIO URUBU,AM,N,-2.633611,-59.600556,112.84,26/06/08
A126,PRESIDENTE FIGUEIREDO,AM,N,-2.056667,-60.025833,60.99,19/04/08
A128,BARCELOS,AM,N,-0.987222,-62.924167,29.88,19/04/08
A133,MANICORE,AM,N,-5.788611,-61.288333,40.64,12/12/11
A134,S. G. DA CACHOEIRA,AM,N,-0.125278,-67.061111,79.67,31/08/11
A144,NOVO ARIPUANA,AM,N,-8.091111,-60.380556,45.00,18/07/19
A242,OIAPOQUE,AP,N,3.813611,-51.862500,15.14,11/09/08
A244,PORTO GRANDE,AP,N,0.694167,-51.403889,84.80,17/09/08
A249,MACAPA,AP,N,0.035000,-51.088889,16.62,12/12/13
A251,ITAUBAL,AP,N,0.567778,-50.823611,21.00,24/08/17
A201,BELEM,PA,N,-1.411111,-48.439444,21.17,20/01/03
A202,CASTANHAL,PA,N,-1.300833,-47.948056,47.13,24/01/03
A209,MEDICILANDIA,PA,N,-3.510833,-52.963333,251.68,17/02/08
A210,PACAJA,PA,N,-3.843611,-50.638056,89.02,27/02/08
A211,PLACAS,PA,N,-3.864167,-54.216389,100.45,14/02/08
A212,PARAGOMINAS,PA,N,-2.900556,-47.495000,88.00,18/10/07
A213,TOME ACU,PA,N,-2.592500,-48.360556,42.95,14/10/07
A214,RONDON DO PARA,PA,N,-4.827500,-48.173611,203.00,17/04/08
A215,SALINOPOLIS,PA,N,-0.618889,-47.356667,23.18,14/06/08
A216,SAO FELIX DO XINGU,PA,N,-6.639722,-51.956944,211.00,15/11/16
A226,BRAGANCA,PA,N,-1.055833,-46.782778,5.60,11/03/08
A227,SOURE,PA,N,-0.727778,-48.515833,12.54,27/04/08
A228,BREVES,PA,N,-1.680278,-50.478056,11.00,20/10/17
A229,TUCURUI,PA,N,-3.822778,-49.675000,137.94,01/03/08
A230,SERRA DOS CARAJAS,PA,N,-6.077500,-50.142222,707.00,03/09/08
A231,ITAITUBA,PA,N,-4.276944,-55.993056,24.46,17/02/08
A232,OBIDOS,PA,N,-1.880833,-55.519722,89.64,05/07/12
A233,SANTANA DO ARAGUAIA,PA,N,-9.340556,-50.350278,154.00,30/05/08
A234,TUCUMA,PA,N,-6.743333,-51.141944,320.93,18/07/08
A235,NOVO REPARTIMENTO,PA,N,-4.243889,-49.939444,100.76,23/07/08
A236,CAMETA,PA,N,-2.239722,-49.499722,9.92,20/06/08
A239,MONTE ALEGRE,PA,N,-2.000000,-54.076389,100.53,06/07/12
A240,MARABA,PA,N,-5.366389,-49.051111,116.58,25/06/09
A241,CONCEICAO DO ARAGUAIA,PA,N,-8.303611,-49.282778,175.74,04/09/08
A245,PORTO DE MOZ,PA,N,-1.821944,-52.111667,19.00,07/04/22
A246,MINA DO PALITO,PA,N,-6.320000,-55.787778,259.88,28/09/10
A247,XINGUARA,PA,N,-7.110556,-49.926111,245.00,11/09/16
A248,CAPITAO POCO,PA,N,-1.734722,-47.057500,79.10,18/04/11
A250,SANTAREM,PA,N,-2.502500,-54.720278,137.00,02/09/15
A252,DOM ELISEU,PA,N,-4.280556,-47.563889,251.00,08/03/18
A253,ALTAMIRA,PA,N,-3.270000,-52.394722,191.00,25/10/18
A254,REDENCAO,PA,N,-8.043333,-50.006944,199.00,11/07/19
A256,SANTA MARIA DAS BARREIRAS,PA,N,-8.729722,-49.856389,165.00,18/12/20
A925,PORTO VELHO,RO,N,-8.793611,-63.845833,86.70,11/07/07
A938,VILHENA,RO,N,-12.735000,-60.157778,583.30,26/08/08
A939,CACOAL,RO,N,-11.445833,-61.434167,183.53,20/07/08
A940,ARIQUEMES,RO,N,-9.948889,-62.961944,128.44,18/07/08
A135,BOA VISTA,RR,N,2.816944,-60.690833,82.35,26/08/10
A009,PALMAS,TO,N,-10.147778,-48.314444,267.00,17/12/04
A010,PARANA,TO,N,-12.615000,-47.871944,284.96,04/03/05
A018,PEIXE,TO,N,-12.015278,-48.544444,250.87,01/12/06
A019,GURUPI,TO,N,-11.745000,-49.051667,274.00,20/12/06
A020,PEDRO AFONSO,TO,N,-8.968611,-48.177222,189.71,23/01/07
A021,ARAGUAINA,TO,N,-7.103889,-48.201111,230.76,26/01/07
A038,DIANOPOLIS,TO,N,-11.594444,-46.847222,727.87,30/08/08
A039,FORMOSO DO ARAGUAIA,TO,N,-11.887500,-49.608333,215.20,27/04/08
A040,MATEIROS,TO,N,-10.434444,-45.921944,791.00,25/10/12
A041,MARIANOPOLIS DO TO,TO,N,-9.576389,-49.723333,186.69,24/11/12
A043,CAMPOS LINDOS,TO,N,-8.154722,-46.639444,426.56,29/10/12
A044,ARAGUATINS,TO,N,-5.643611,-48.111944,130.71,12/03/09
A048,SANTA FE DO ARAGUAIA,TO,N,-7.124191,-48.781267,171.00,30/07/16
A049,COLINAS DO TOCANTINS,TO,N,-8.092778,-48.478611,200.00,11/11/16
A050,RIO SONO,TO,N,-9.793363,-47.132732,291.00,03/08/16
A051,PIUM,TO,N,-10.476944,-49.629444,161.00,06/04/16
A052,SANTA ROSA DO TOCANTINS,TO,N,-11.428889,-48.185000,306.00,14/08/15
A053,ALMAS,TO,N,-11.284167,-47.212222,503.00,01/04/16
A054,ARAGUACU,TO,N,-12.592222,-49.528611,231.00,19/08/15
A055,LAGOA DA CONFUSAO,TO,N,-10.828286,-49.847882,178.00,15/11/16
A612,VITORIA,ES,SE,-20.270833,-40.305833,9.00,31/10/06
A613,SANTA TERESA,ES,SE,-19.988333,-40.579444,975.92,09/08/07
A614,LINHARES,ES,SE,-19.356944,-40.068611,40.00,27/10/06
A616,SAO MATEUS,ES,SE,-18.676111,-39.864167,28.66,25/10/06
A617,ALEGRE,ES,SE,-20.750556,-41.488889,138.00,25/10/06
A622,PRESIDENTE KENNEDY,ES,SE,-21.100833,-41.039444,69.12,18/06/08
A631,ECOPORANGA,ES,SE,-18.291389,-40.736389,224.00,17/03/17
A632,MARILANDIA,ES,SE,-19.407222,-40.539722,95.00,22/03/17
A633,VENDA NOVA DO IMIGRANTE,ES,SE,-20.385556,-41.190000,722.00,10/02/17
A634,VILA VELHA,ES,SE,-20.466944,-40.403889,25.00,15/02/17
A657,AFONSO CLAUDIO,ES,SE,-20.104167,-41.106944,507.48,24/09/11
A502,BARBACENA,MG,SE,-21.228333,-43.767778,1168.76,05/12/02
A505,ARAXA,MG,SE,-19.605833,-46.949722,1018.32,19/12/02
A506,MONTES CLAROS,MG,SE,-16.686389,-43.843889,645.87,19/12/02
A507,UBERLANDIA,MG,SE,-18.916944,-48.255556,874.77,18/12/02
A508,ALMENARA,MG,SE,-16.166667,-40.687778,189.11,15/12/02
A509,MONTE VERDE,MG,SE,-22.861667,-46.043333,1544.89,19/12/04
A510,VICOSA,MG,SE,-20.762500,-42.863889,697.64,15/09/05
A511,TIMOTEO,MG,SE,-19.573889,-42.622500,493.42,22/02/06
A512,ITUIUTABA,MG,SE,-18.952778,-49.525000,540.08,12/05/06
A513,OURO BRANCO,MG,SE,-20.556667,-43.756111,1048.20,28/07/06
A514,SAO JOAO DEL REI,MG,SE,-21.106389,-44.250833,929.88,09/06/06
A515,VARGINHA,MG,SE,-21.566389,-45.404167,949.78,13/07/06
A516,PASSOS,MG,SE,-20.745278,-46.633889,781.70,16/07/06
A517,MURIAE,MG,SE,-21.105000,-42.375833,282.79,30/08/06
A518,JUIZ DE FORA,MG,SE,-21.770000,-43.364444,936.88,26/05/07
A519,CAMPINA VERDE,MG,SE,-19.539167,-49.518056,559.07,15/07/06
A520,CONCEICAO DAS ALAGOAS,MG,SE,-19.985833,-48.151667,572.54,18/07/06
A521,BELO HORIZONTE - PAMPULHA,MG,SE,-19.883889,-43.969444,854.02,10/10/06
A522,SERRA DOS AIMORES,MG,SE,-17.798889,-40.250000,211.97,21/08/06
A523,PATROCINIO,MG,SE,-18.996667,-46.985833,978.11,22/08/06
A524,FORMIGA,MG,SE,-20.455000,-45.453889,878.14,17/08/06
A525,SACRAMENTO,MG,SE,-19.875278,-47.434167,913.12,19/08/06
A526,MONTALVANIA,MG,SE,-14.408333,-44.404167,519.52,26/06/07
A527,TEOFILO OTONI,MG,SE,-17.892778,-41.515556,467.17,25/08/06
A528,TRES MARIAS,MG,SE,-18.200833,-45.459722,931.01,25/08/06
A529,PASSA QUATRO,MG,SE,-22.395833,-44.961944,1017.10,30/05/07
A530,CALDAS,MG,SE,-21.918056,-46.383056,1077.34,28/11/06
A531,MARIA DA FE,MG,SE,-22.314444,-45.373056,1281.43,01/12/06
A532,GOVERNADOR VALADARES,MG,SE,-18.830278,-41.976944,198.24,27/05/07
A533,GUANHAES,MG,SE,-18.786944,-42.943056,852.68,02/06/07
A534,AIMORES,MG,SE,-19.532778,-41.090833,301.00,05/08/07
A535,FLORESTAL,MG,SE,-19.885278,-44.416944,753.50,27/06/08
A536,DORES DO INDAIA,MG,SE,-19.481944,-45.593889,721.09,01/06/07
A537,DIAMANTINA,MG,SE,-18.231052,-43.648269,1359.25,05/06/07
A538,CURVELO,MG,SE,-18.747778,-44.453889,669.48,18/12/06
A539,MOCAMBINHO,MG,SE,-15.085833,-44.016111,454.00,11/11/07
A540,MANTENA,MG,SE,-18.780556,-40.986389,254.91,01/08/07
A541,CAPELINHA,MG,SE,-17.705556,-42.389167,932.06,31/08/07
A542,UNAI,MG,SE,-16.554167,-46.881944,640.85,16/06/07
A543,ESPINOSA,MG,SE,-14.912222,-42.808611,565.36,14/11/07
A544,BURITIS,MG,SE,-15.524167,-46.435556,894.00,19/06/07
A545,PIRAPORA,MG,SE,-17.258064,-44.835556,505.32,04/07/07
A546,GUARDA-MOR,MG,SE,-17.561389,-47.199167,997.01,11/07/07
A547,SAO ROMAO,MG,SE,-16.362778,-45.123889,490.29,30/06/07
A548,CHAPADA GAUCHA,MG,SE,-15.300278,-45.617500,873.20,22/06/07
A549,AGUAS VERMELHAS,MG,SE,-15.751667,-41.457778,754.07,09/09/07
A550,ITAOBIM,MG,SE,-16.575556,-41.485556,271.63,05/09/07
A551,RIO PARDO DE MINAS,MG,SE,-15.723056,-42.435833,850.06,17/11/07
A552,SALINAS,MG,SE,-16.160278,-42.310278,487.14,14/09/07
A553,JOAO PINHEIRO,MG,SE,-17.784444,-46.119444,877.05,07/07/07
A554,CARATINGA,MG,SE,-19.735833,-42.137222,609.25,24/05/07
A555,IBIRITE (ROLA MOCA),MG,SE,-20.031389,-44.011111,1198.82,06/06/08
A556,MANHUACU,MG,SE,-20.263333,-42.182778,819.47,25/09/10
A557,CORONEL PACHECO,MG,SE,-21.546667,-43.261111,411.14,17/10/12
A559,JANUARIA,MG,SE,-15.448056,-44.366389,468.00,23/06/16
A560,POMPEU,MG,SE,-19.232500,-44.964167,705.00,21/08/15
A561,SAO SEBASTIAO DO PARAISO,MG,SE,-20.910000,-47.114167,845.00,17/08/15
A562,PATOS DE MINAS,MG,SE,-18.520556,-46.440556,950.00,12/05/17
A563,NOVA PORTEIRINHA (JANAUBA),MG,SE,-15.802778,-43.296944,532.00,19/11/16
A564,DIVINOPOLIS,MG,SE,-20.173333,-44.875000,796.00,26/10/17
A565,BAMBUI,MG,SE,-20.031111,-46.008889,697.00,23/11/16
A566,ARACUAI,MG,SE,-16.848889,-42.035278,308.00,19/05/17
A567,MACHADO,MG,SE,-21.680833,-45.944444,969.00,21/07/17
A568,UBERABA,MG,SE,-19.710000,-47.961944,778.00,19/05/17
A569,SETE LAGOAS,MG,SE,-19.455278,-44.173333,719.00,10/06/16
A570,OLIVEIRA,MG,SE,-20.715000,-44.864444,1025.00,19/10/17
A571,PARACATU,MG,SE,-17.244444,-46.881667,705.00,16/03/18
A572,BELO HORIZONTE - SANTO AGOSTINHO,MG,SE,-19.933889,-43.952222,915.47,28/08/25
F501,BELO HORIZONTE - CERCADINHO,MG,SE,-19.980000,-43.958611,1199.55,27/12/13
A601,SEROPEDICA-ECOLOGIA AGRICOLA,RJ,SE,-22.757778,-43.684722,35.00,24/05/00
A602,RIO DE JANEIRO-MARAMBAIA,RJ,SE,-23.050278,-43.595556,12.00,08/11/02
A603,DUQUE DE CAXIAS - XEREM,RJ,SE,-22.589722,-43.282222,22.00,21/10/02
A604,CAMBUCI,RJ,SE,-21.587500,-41.958333,46.00,20/11/02
A606,ARRAIAL DO CABO,RJ,SE,-22.975278,-42.021389,5.00,22/09/06
A607,CAMPOS DOS GOYTACAZES,RJ,SE,-21.714722,-41.343889,17.00,25/09/06
A608,MACAE,RJ,SE,-22.376111,-41.811944,28.00,22/09/06
A609,RESENDE,RJ,SE,-22.451389,-44.445000,438.83,29/09/06
A610,PICO DO COUTO,RJ,SE,-22.464722,-43.291389,1777.00,22/10/06
A611,VALENCA,RJ,SE,-22.358056,-43.695556,370.00,27/09/06
A618,TERESOPOLIS-PARQUE NACIONAL,RJ,SE,-22.448611,-42.986944,981.00,01/11/06
A619,PARATY,RJ,SE,-23.223611,-44.726944,3.00,19/11/06
A620,CAMPOS DOS GOYTACAZES - SAO TOME,RJ,SE,-22.041667,-41.051667,7.00,13/06/08
A621,RIO DE JANEIRO - VILA MILITAR,RJ,SE,-22.861389,-43.411389,30.43,13/04/07
A624,NOVA FRIBURGO - SALINAS,RJ,SE,-22.334722,-42.676944,1070.00,18/09/10
A625,TRES RIOS,RJ,SE,-22.098333,-43.208333,295.00,08/06/16
A626,RIO CLARO,RJ,SE,-22.653579,-44.040916,516.00,03/06/16
A627,NITEROI,RJ,SE,-22.867500,-43.101944,6.00,13/07/18
A628,ANGRA DOS REIS,RJ,SE,-22.975556,-44.303333,6.00,25/08/17
A629,CARMO,RJ,SE,-21.938611,-42.600833,293.00,11/10/18
A630,SANTA MARIA MADALENA,RJ,SE,-21.950556,-42.010278,586.00,16/10/18
A636,RIO DE JANEIRO - JACAREPAGUA,RJ,SE,-22.940000,-43.402778,20.00,10/08/17
A637,Paty do Alferes - Avelar,RJ,SE,-22.347222,-43.417778,508.00,10/11/22
A659,SILVA JARDIM,RJ,SE,-22.645833,-42.415556,19.00,28/08/15
A667,SAQUAREMA - SAMPAIO CORREIA,RJ,SE,-22.871111,-42.608889,26.00,02/09/15
A701,SAO PAULO - MIRANTE,SP,SE,-23.496289,-46.620067,785.64,25/07/06
A705,BAURU,SP,SE,-22.358056,-49.028889,636.17,30/08/01
A706,CAMPOS DO JORDAO,SP,SE,-22.750278,-45.603889,1662.95,13/03/02
A707,PRESIDENTE PRUDENTE,SP,SE,-22.120000,-51.408611,431.92,04/02/03
A708,FRANCA,SP,SE,-20.584444,-47.382500,1002.74,12/12/02
A711,SAO CARLOS,SP,SE,-21.980278,-47.883889,859.29,04/09/06
A712,IGUAPE,SP,SE,-24.671667,-47.545833,2.70,20/07/06
A713,IPERO,SP,SE,-23.426111,-47.585556,609.33,22/08/06
A714,ITAPEVA,SP,SE,-23.981944,-48.885833,743.33,25/07/06
A715,SAO MIGUEL ARCANJO,SP,SE,-23.890833,-47.999167,710.00,15/08/06
A716,OURINHOS,SP,SE,-23.000556,-49.843333,500.00,29/08/06
A718,RANCHARIA,SP,SE,-22.372778,-50.974722,398.75,01/09/06
A725,AVARE,SP,SE,-23.101667,-48.941111,776.36,22/09/06
A726,PIRACICABA,SP,SE,-22.703056,-47.623333,566.46,26/09/06
A727,LINS,SP,SE,-21.666111,-49.734722,460.65,20/09/06
A728,TAUBATE,SP,SE,-23.041667,-45.520833,582.26,20/12/06
A733,JALES,SP,SE,-20.165000,-50.595000,460.44,22/08/07
A734,VALPARAISO,SP,SE,-21.319167,-50.930278,381.90,30/08/07
A735,JOSE BONIFACIO,SP,SE,-21.085556,-49.920278,408.35,03/09/07
A736,ARIRANHA,SP,SE,-21.133056,-48.840556,525.44,13/11/07
A737,IBITINGA,SP,SE,-21.855556,-48.799722,496.75,09/11/07
A738,CASA BRANCA,SP,SE,-21.780556,-47.075278,734.15,25/06/07
A739,ITAPIRA,SP,SE,-22.415000,-46.805278,634.89,05/11/07
A740,SAO LUIZ DO PARAITINGA,SP,SE,-23.228333,-45.416944,874.00,01/11/07
A741,BARRA BONITA,SP,SE,-22.471111,-48.557500,533.68,24/04/08
A744,BRAGANCA PAULISTA,SP,SE,-22.949167,-46.526111,891.00,20/12/17
A746,BARRA DO TURVO,SP,SE,-24.962778,-48.416389,659.89,03/07/08
A747,PRADOPOLIS,SP,SE,-21.338333,-48.113889,544.00,22/04/08
A748,BARRETOS,SP,SE,-20.559167,-48.545000,534.36,19/06/10
A753,ITUVERAVA,SP,SE,-20.359722,-47.775278,610.58,17/07/08
A755,BARUERI,SP,SE,-23.523889,-46.869444,776.50,29/03/11
A762,DRACENA,SP,SE,-21.457778,-51.552222,383.00,03/11/16
A763,MARILIA,SP,SE,-22.235278,-49.965000,660.00,15/05/17
A764,BEBEDOURO,SP,SE,-20.948056,-48.471389,542.00,27/10/16
A765,BERTIOGA,SP,SE,-23.844722,-46.143333,5.00,01/02/17
A766,REGISTRO,SP,SE,-24.533056,-47.864167,35.00,09/02/17
A768,TUPA,SP,SE,-21.927222,-50.490278,498.00,12/05/17
A769,CACHOEIRA PAULISTA,SP,SE,-22.688889,-45.005556,586.00,20/10/17
A770,SAO SIMAO,SP,SE,-21.461111,-47.579444,620.00,03/07/19
A771,SAO PAULO - INTERLAGOS,SP,SE,-23.724444,-46.677500,771.00,14/03/18
A807,CURITIBA,PR,S,-25.448611,-49.230556,922.91,28/01/03
A818,IVAI,PR,S,-25.010833,-50.853889,803.58,11/07/06
A819,CASTRO,PR,S,-24.780000,-50.046389,1016.00,09/07/06
A820,MAL. CANDIDO RONDON,PR,S,-24.533333,-54.019167,392.07,18/11/06
A821,JOAQUIM TAVORA,PR,S,-23.505278,-49.946389,512.67,23/11/06
A822,NOVA TEBAS,PR,S,-24.433889,-51.953889,660.00,21/12/06
A823,INACIO MARTINS,PR,S,-25.567778,-51.078056,1208.85,16/10/06
A824,ICARAIMA,PR,S,-23.390278,-53.635833,381.29,16/11/06
A825,GOIOERE,PR,S,-24.183889,-53.048889,481.00,19/10/06
A835,MARINGA,PR,S,-23.405278,-51.932778,548.51,21/11/06
A842,NOVA FATIMA,PR,S,-23.415278,-50.577778,664.31,08/02/07
A843,DOIS VIZINHOS,PR,S,-25.699167,-53.095278,545.95,29/03/07
A846,FOZ DO IGUACU,PR,S,-25.601944,-54.483056,235.09,15/02/08
A849,DIAMANTE DO NORTE,PR,S,-22.639444,-52.890278,368.22,06/03/08
A850,PARANAPOEMA,PR,S,-22.658333,-52.134444,308.70,04/03/08
A855,PLANALTO,PR,S,-25.721944,-53.748056,399.10,07/11/07
A869,CIDADE GAUCHA,PR,S,-23.359167,-52.931944,365.79,11/03/08
A871,JAPIRA,PR,S,-23.773333,-50.180556,692.88,29/02/08
A872,VENTANIA,PR,S,-24.280278,-50.210278,1093.41,15/04/11
A873,MORRETES,PR,S,-25.508889,-48.808611,50.31,13/03/08
A874,SAO MATEUS DO SUL,PR,S,-25.835556,-50.368889,780.21,17/04/11
A875,GENERAL CARNEIRO,PR,S,-26.398611,-51.353611,1009.01,30/04/08
A876,CLEVELANDIA,PR,S,-26.417222,-52.348611,966.06,15/05/08
B803,CAMPINA DA LAGOA,PR,S,-24.570833,-52.800278,598.00,04/08/16
B804,LARANJEIRAS DO SUL,PR,S,-25.371389,-52.400833,889.00,07/08/16
B806,COLOMBO,PR,S,-25.322464,-49.157733,950.00,01/06/16
A801,PORTO ALEGRE - JARDIM BOTANICO,RS,S,-30.053611,-51.174722,41.18,22/09/00
A802,RIO GRANDE,RS,S,-32.078889,-52.167778,4.92,16/11/01
A803,SANTA MARIA,RS,S,-29.725000,-53.720556,103.10,26/11/01
A804,SANTANA DO LIVRAMENTO,RS,S,-30.750556,-55.401389,196.00,22/11/01
A805,SANTO AUGUSTO,RS,S,-27.854444,-53.791111,489.67,05/12/01
A809,URUGUAIANA,RS,S,-29.840000,-57.081944,74.29,28/09/06
A810,SANTA ROSA,RS,S,-27.890556,-54.480000,272.84,15/11/06
A811,CANGUCU,RS,S,-31.403333,-52.700833,446.81,24/01/07
A812,CACAPAVA DO SUL,RS,S,-30.545278,-53.466944,420.82,22/06/06
A813,RIO PARDO,RS,S,-29.872222,-52.381944,106.99,30/09/06
A826,ALEGRETE,RS,S,-29.709167,-55.525556,120.88,28/09/06
A827,BAGE,RS,S,-31.347778,-54.013333,226.19,04/01/07
A828,ERECHIM,RS,S,-27.657778,-52.305833,777.08,25/11/06
A829,SAO JOSE DOS AUSENTES,RS,S,-28.748611,-50.057778,1228.59,26/10/06
A830,SAO BORJA,RS,S,-28.650000,-56.016389,81.08,21/07/07
A831,QUARAI,RS,S,-30.368611,-56.437222,113.05,17/10/07
A832,SAO GABRIEL,RS,S,-30.341389,-54.310833,114.89,11/07/07
A833,SANTIAGO,RS,S,-29.191667,-54.885556,390.03,04/02/09
A834,TRAMANDAI,RS,S,-30.010278,-50.135833,4.56,09/03/08
A836,JAGUARAO,RS,S,-32.534722,-53.375833,31.48,09/01/07
A837,SOLEDADE,RS,S,-28.859167,-52.542500,660.44,01/03/08
A838,CAMAQUA,RS,S,-30.808056,-51.834167,92.30,12/12/06
A839,PASSO FUNDO,RS,S,-28.226667,-52.403611,680.67,27/11/06
A840,BENTO GONCALVES,RS,S,-29.164444,-51.534167,623.27,01/12/06
A844,LAGOA VERMELHA,RS,S,-28.222500,-51.512778,833.83,02/03/07
A852,SAO LUIZ GONZAGA,RS,S,-28.417222,-54.962500,245.50,25/07/07
A853,CRUZ ALTA,RS,S,-28.603333,-53.673611,426.69,31/05/07
A854,FREDERICO WESTPHALEN,RS,S,-27.395556,-53.429444,489.42,14/12/07
A856,PALMEIRA DAS MISSOES,RS,S,-27.920278,-53.318056,614.11,26/02/08
A878,MOSTARDAS,RS,S,-31.248333,-50.906389,3.82,11/03/08
A879,CANELA,RS,S,-29.368889,-50.827222,830.93,23/08/08
A880,VACARIA,RS,S,-28.513611,-50.882778,969.89,26/04/08
A881,DOM PEDRITO,RS,S,-31.002500,-54.618056,150.00,23/04/10
A882,TEUTONIA,RS,S,-29.449167,-51.823333,81.00,04/10/12
A883,IBIRUBA,RS,S,-28.653333,-53.111944,455.27,13/12/12
A884,CAMPO BOM,RS,S,-29.674167,-51.064167,23.35,29/11/13
A886,TUPANCIRETA,RS,S,-29.089444,-53.826667,462.00,11/08/16
A887,CAPAO DO LEAO (PELOTAS),RS,S,-31.802500,-52.407222,13.00,18/07/19
A889,SAO VICENTE DO SUL,RS,S,-29.702222,-54.694444,134.00,06/04/16
A893,ENCRUZILHADA DO SUL,RS,S,-30.543056,-52.524722,427.75,15/03/18
A894,SERAFINA CORREA,RS,S,-28.704722,-51.870833,485.29,01/04/16
A897,CAMBARA DO SUL,RS,S,-29.049167,-50.149722,1017.00,24/11/16
B808,CACHOEIRINHA,RS,S,-29.951389,-51.124167,72.00,18/02/25
B809,SAPUCAIA DO SUL,RS,S,-29.813889,-51.156667,23.00,01/05/25
B810,PARQUE ELDORADO,RS,S,-30.096667,-51.673889,50.00,18/02/25
B811,SERTAO SANTANA,RS,S,-30.494167,-51.663333,116.00,14/08/25
B812,CHARQUEADAS,RS,S,-29.965556,-51.625556,23.00,01/05/25
B813,MINAS DO LEAO,RS,S,-30.124444,-52.050833,54.00,01/08/25
B814,MONTENEGRO,RS,S,-29.758611,-51.436111,15.00,01/08/25
B816,SANTA MARIA DO HERVAL,RS,S,-29.479167,-51.013333,650.00,21/08/25
B817,CAXIAS DO SUL - CRIUVA,RS,S,-28.874167,-50.975556,857.00,01/08/25
B818,CAXIAS DO SUL - AEROPORTO,RS,S,-29.196111,-51.186389,756.00,14/08/25
B819,ROLANTE,RS,S,-29.655833,-50.618056,69.00,18/08/25
B820,SAO FRANCISCO DE PAULA,RS,S,-29.442222,-50.560278,886.00,18/08/25
B821,SANTANA DA BOA VISTA,RS,S,-30.858611,-53.155556,138.00,17/09/25
B822,CACHOEIRA DO SUL,RS,S,-30.018333,-52.938889,73.00,17/09/25
B823,PINHEIRO MACHADO,RS,S,-31.574722,-53.388333,419.00,17/09/25
B825,PORTO ALEGRE - BELEM NOVO,RS,S,-30.186111,-51.178333,3.30,01/05/25
B826,HERVAL,RS,S,-32.012778,-53.403056,331.00,17/09/25
B827,BAGE - CENTRO,RS,S,-31.305556,-54.013333,226.20,01/08/25
B828,ACEGUA,RS,S,-31.874722,-54.119722,271.00,17/09/25
B830,SANTA VITORIA DO PALMAR (CENTRO),RS,S,-33.531667,-53.350278,29.00,18/09/25
B832,CAPAO DA CANOA,RS,S,-29.685278,-49.993056,0.00,13/10/25
B836,PALMARES DO SUL,RS,S,-30.249167,-50.509167,4.00,13/10/25
B839,SANTO ANTONIO DA PATRULHA,RS,S,-29.816111,-50.533333,47.00,13/10/25
B841,TORRES,RS,S,-29.413611,-49.803611,0.00,13/10/25
A806,FLORIANOPOLIS,SC,S,-27.602500,-48.620000,4.87,22/01/03
A814,URUSSANGA,SC,S,-28.532500,-49.315278,40.56,29/05/08
A815,SAO JOAQUIM,SC,S,-28.275556,-49.934722,1400.06,12/04/08
A816,NOVO HORIZONTE,SC,S,-26.406389,-52.850278,943.57,20/09/08
A817,INDAIAL,SC,S,-26.913611,-49.268056,72.24,02/07/06
A841,JOACABA,SC,S,-27.169167,-51.558889,767.63,20/09/07
A848,DIONISIO CERQUEIRA,SC,S,-26.286562,-53.633114,807.54,31/05/08
A851,ITAPOA,SC,S,-26.081389,-48.641667,6.18,06/06/07
A857,SAO MIGUEL DO OESTE,SC,S,-26.786389,-53.514167,647.00,12/03/08
A858,XANXERE,SC,S,-26.938611,-52.398056,878.74,15/03/08
A859,CACADOR,SC,S,-26.819167,-50.985556,944.26,19/03/08
A860,CURITIBANOS,SC,S,-27.288611,-50.604167,978.10,28/02/08
A861,RIO DO CAMPO,SC,S,-26.937500,-50.145556,591.67,10/03/08
A862,RIO NEGRINHO,SC,S,-26.248611,-49.574167,856.00,22/03/08
A863,ITUPORANGA,SC,S,-27.418333,-49.646944,479.79,04/03/08
A864,MAJOR VIEIRA,SC,S,-26.393611,-50.363333,799.58,09/02/09
A865,LAGES,SC,S,-27.802222,-50.335556,952.70,06/11/14
A866,Laguna  - Farol de Santa Marta,SC,S,-28.604444,-48.813333,34.36,01/06/08
A867,ARARANGUA,SC,S,-28.931353,-49.497920,2.00,28/09/08
A868,ITAJAI,SC,S,-26.950833,-48.761944,9.76,24/06/10
A870,RANCHO QUEIMADO,SC,S,-27.678611,-49.041944,881.00,31/05/16
A895,CHAPECO,SC,S,-27.085311,-52.635711,679.00,19/02/19
A898,CAMPOS NOVOS,SC,S,-27.388611,-51.215833,963.00,15/02/19
